{"cameraMode":{"drawMode":0,"name":"Shaded","section":"Shading Mode"},"sceneLighting":true,"audioPlay":false,"sceneViewState":{"showFog":true,"showMaterialUpdate":false,"showSkybox":true,"showFlares":true,"showImageEffects":true,"showParticleSystems":true},"in2DMode":false,"pivot":{"x":-0.09124755859375,"y":-4.776500701904297,"z":0.11402428150177002},"rotation":{"x":0.1089288666844368,"y":0.8864367008209229,"z":-0.26635751128196719,"w":0.3625164031982422},"size":22.078983306884767,"orthographic":false}