{"cameraMode":{"drawMode":0,"name":"Shaded","section":"Shading Mode"},"sceneLighting":true,"audioPlay":false,"sceneViewState":{"showFog":true,"showMaterialUpdate":false,"showSkybox":true,"showFlares":true,"showImageEffects":true,"showParticleSystems":true},"in2DMode":false,"pivot":{"x":4.720093727111816,"y":-12.409539222717286,"z":-10.479702949523926},"rotation":{"x":-0.060218825936317447,"y":0.9134246110916138,"z":-0.3748253583908081,"w":-0.14674893021583558},"size":55.80054473876953,"orthographic":false}